wavelength_um,radius_arcsec
0.6,0.45
0.60229605,0.45
0.6045921,0.45
0.6068882,0.45
0.6091842,0.45
0.61148024,0.45
0.61377627,0.45
0.6160723,0.45
0.6183684,0.45
0.6206644,0.45
0.62296045,0.45
0.6252565,0.45
0.62755257,0.45
0.6298486,0.45
0.63214463,0.45
0.63444066,0.45
0.6367367,0.45
0.6390328,0.45
0.6413288,0.45
0.64362484,0.45
0.6459209,0.45
0.6482169,0.45
0.650513,0.45
0.652809,0.45
0.65510505,0.45
0.6574011,0.45
0.6596971,0.45
0.6619932,0.45
0.66428924,0.45
0.66658527,0.45
0.6688813,0.45
0.6711774,0.45
0.6734734,0.45
0.67576945,0.45
0.6780655,0.45
0.6803615,0.45
0.6826576,0.45
0.68495363,0.45
0.68724966,0.45
0.6895457,0.45
0.6918417,0.45
0.6941378,0.45
0.69643384,0.45
0.6987299,0.45
0.7010259,0.45
0.70332193,0.45
0.705618,0.45
0.70791405,0.45
0.7102101,0.45
0.7125061,0.45
0.7148022,0.45
0.71709824,0.45
0.71939427,0.45
0.7216903,0.45
0.7239863,0.45
0.7262824,0.45
0.72857845,0.45
0.7308745,0.45
0.7331705,0.45
0.73546654,0.45
0.73776263,0.45
0.74005866,0.45
0.7423547,0.45
0.7446507,0.45
0.74694675,0.45
0.74924284,0.45
0.7515389,0.45
0.7538349,0.45
0.75613093,0.45
0.758427,0.45
0.76072305,0.45
0.7630191,0.45
0.7653151,0.45
0.76761115,0.45
0.76990724,0.45
0.77220327,0.45
0.7744993,0.45
0.7767953,0.45
0.77909136,0.45
0.78138745,0.45
0.7836835,0.45
0.7859795,0.45
0.78827554,0.45
0.7905716,0.45
0.79286766,0.45
0.7951637,0.45
0.7974597,0.45
0.79975575,0.45
0.80205184,0.45
0.8043479,0.45
0.8066439,0.45
0.80893993,0.45
0.81123596,0.45
0.81353205,0.45
0.8158281,0.45
0.8181241,0.45
0.82042015,0.45
0.8227162,0.45
0.82501227,0.45
0.8273083,0.45
0.8296043,0.45
0.83190036,0.45
0.8341964,0.45
0.8364925,0.45
0.8387885,0.45
0.84108454,0.45
0.8433806,0.45
0.84567666,0.45
0.8479727,0.45
0.8502687,0.45
0.85256475,0.45
0.8548608,0.45
0.8571569,0.45
0.8594529,0.45
0.86174893,0.45
0.86404496,0.45
0.866341,0.45
0.8686371,0.45
0.8709331,0.45
0.87322915,0.45
0.8755252,0.45
0.8778212,0.45
0.8801173,0.45
0.8824133,0.45
0.88470936,0.45
0.8870054,0.45
0.8893015,0.45
0.8915975,0.45
0.89389354,0.45
0.8961896,0.45
0.8984856,0.45
0.9007817,0.45
0.9030777,0.45
0.90537375,0.45
0.9076698,0.45
0.9099658,0.45
0.9122619,0.45
0.91455793,0.45
0.91685396,0.45
0.91915,0.45
0.921446,0.45
0.9237421,0.45
0.92603815,0.45
0.9283342,0.45
0.9306302,0.45
0.9329263,0.45
0.9352223,0.45
0.93751836,0.45
0.9398144,0.45
0.9421104,0.45
0.9444065,0.45
0.94670254,0.45
0.9489986,0.45
0.9512946,0.45
0.95359063,0.45
0.9558867,0.45
0.95818275,0.45
0.9604788,0.45
0.9627748,0.45
0.96507084,0.45
0.96736693,0.45
0.96966296,0.45
0.971959,0.45
0.974255,0.45
0.9765511,0.45
0.97884715,0.45
0.9811432,0.45
0.9834392,0.45
0.98573524,0.45
0.9880313,0.45
0.99032736,0.45
0.9926234,0.45
0.9949194,0.45
0.99721545,0.45
0.99951154,0.45
1.0018076,0.45
1.0041037,0.45
1.0063996,0.45
1.0086957,0.45
1.0109917,0.45
1.0132878,0.45
1.0155839,0.45
1.0178798,0.45
1.0201759,0.45
1.0224719,0.45
1.024768,0.45
1.0270641,0.45
1.02936,0.45
1.0316561,0.45
1.0339521,0.45
1.0362482,0.45
1.0385443,0.45
1.0408403,0.45
1.0431364,0.45
1.0454323,0.45
1.0477284,0.45
1.0500245,0.45
1.0523205,0.45
1.0546166,0.45
1.0569125,0.45
1.0592086,0.45
1.0615047,0.45
1.0638007,0.45
1.0660968,0.45
1.0683928,0.45
1.0706888,0.45
1.0729849,0.45
1.0752809,0.45
1.077577,0.45
1.0798731,0.45
1.082169,0.45
1.0844651,0.45
1.0867611,0.45
1.0890572,0.45
1.0913533,0.45
1.0936493,0.45
1.0959454,0.45
1.0982413,0.45
1.1005374,0.45
1.1028335,0.45
1.1051295,0.45
1.1074256,0.45
1.1097215,0.45
1.1120176,0.45
1.1143137,0.45
1.1166097,0.45
1.1189058,0.45
1.1212018,0.45
1.1234978,0.45
1.1257939,0.45
1.1280899,0.45
1.130386,0.45
1.132682,0.45
1.134978,0.45
1.1372741,0.45
1.1395701,0.45
1.1418662,0.45
1.1441622,0.45
1.1464583,0.45
1.1487544,0.45
1.1510503,0.45
1.1533464,0.45
1.1556424,0.45
1.1579385,0.45
1.1602346,0.45
1.1625305,0.45
1.1648266,0.45
1.1671227,0.45
1.1694187,0.45
1.1717148,0.45
1.1740108,0.45
1.1763068,0.45
1.1786029,0.45
1.1808989,0.45
1.183195,0.45
1.185491,0.45
1.187787,0.45
1.1900831,0.45
1.1923791,0.45
1.1946752,0.45
1.1969712,0.45
1.1992673,0.45
1.2015634,0.45
1.2038593,0.45
1.2061554,0.45
1.2084514,0.45
1.2107475,0.45
1.2130436,0.45
1.2153395,0.45
1.2176356,0.45
1.2199316,0.45
1.2222277,0.45
1.2245238,0.45
1.2268198,0.45
1.2291158,0.45
1.2314118,0.45
1.2337079,0.45
1.236004,0.45
1.2383,0.45
1.240596,0.45
1.242892,0.45
1.2451881,0.45
1.2474842,0.45
1.2497802,0.45
1.2520763,0.45
1.2543724,0.45
1.2566683,0.45
1.2589644,0.45
1.2612604,0.45
1.2635565,0.45
1.2658526,0.45
1.2681485,0.45
1.2704446,0.45
1.2727406,0.45
1.2750367,0.45
1.2773328,0.45
1.2796288,0.45
1.2819248,0.45
1.2842208,0.45
1.2865169,0.45
1.288813,0.45
1.291109,0.45
1.293405,0.45
1.295701,0.45
1.2979971,0.45
1.3002932,0.45
1.3025892,0.45
1.3048853,0.45
1.3071812,0.45
1.3094773,0.45
1.3117734,0.45
1.3140694,0.45
1.3163655,0.45
1.3186615,0.45
1.3209575,0.45
1.3232536,0.45
1.3255496,0.45
1.3278457,0.45
1.3301417,0.45
1.3324378,0.45
1.3347338,0.45
1.3370298,0.45
1.3393259,0.45
1.341622,0.45
1.343918,0.45
1.346214,0.45
1.34851,0.45
1.3508061,0.45
1.3531022,0.45
1.3553982,0.45
1.3576943,0.45
1.3599902,0.45
1.3622863,0.45
1.3645824,0.45
1.3668784,0.45
1.3691745,0.45
1.3714705,0.45
1.3737665,0.45
1.3760626,0.45
1.3783586,0.45
1.3806547,0.45
1.3829507,0.45
1.3852468,0.45
1.3875428,0.45
1.3898388,0.45
1.3921349,0.45
1.3944309,0.45
1.396727,0.45
1.399023,0.45
1.401319,0.45
1.4036151,0.45
1.4059111,0.45
1.4082072,0.45
1.4105033,0.45
1.4127992,0.45
1.4150953,0.45
1.4173913,0.45
1.4196874,0.45
1.4219835,0.45
1.4242795,0.45
1.4265755,0.45
1.4288716,0.45
1.4311676,0.45
1.4334637,0.45
1.4357597,0.45
1.4380558,0.45
1.4403518,0.45
1.4426478,0.45
1.4449439,0.45
1.4472399,0.45
1.449536,0.45
1.451832,0.45
1.454128,0.45
1.4564241,0.45
1.4587201,0.45
1.4610162,0.45
1.4633123,0.45
1.4656082,0.45
1.4679043,0.45
1.4702003,0.45
1.4724964,0.45
1.4747925,0.45
1.4770885,0.45
1.4793845,0.45
1.4816805,0.45
1.4839766,0.45
1.4862727,0.45
1.4885687,0.45
1.4908648,0.45
1.4931607,0.45
1.4954568,0.45
1.4977529,0.45
1.5000489,0.45
1.502345,0.45
1.5046409,0.45
1.506937,0.45
1.5092331,0.45
1.5115291,0.45
1.5138252,0.45
1.5161213,0.45
1.5184172,0.45
1.5207133,0.45
1.5230093,0.45
1.5253054,0.45
1.5276015,0.45
1.5298975,0.45
1.5321935,0.45
1.5344895,0.45
1.5367856,0.45
1.5390817,0.45
1.5413777,0.45
1.5436738,0.45
1.5459697,0.45
1.5482658,0.45
1.5505619,0.45
1.5528579,0.45
1.555154,0.45
1.5574499,0.45
1.559746,0.45
1.5620421,0.45
1.5643381,0.45
1.5666342,0.45
1.5689301,0.45
1.5712262,0.45
1.5735223,0.45
1.5758183,0.45
1.5781144,0.45
1.5804104,0.45
1.5827065,0.45
1.5850025,0.45
1.5872985,0.45
1.5895946,0.45
1.5918906,0.45
1.5941867,0.45
1.5964828,0.45
1.5987787,0.45
1.6010748,0.45
1.6033709,0.45
1.6056669,0.45
1.607963,0.45
1.6102589,0.45
1.612555,0.45
1.6148511,0.45
1.6171471,0.45
1.6194432,0.45
1.6217391,0.45
1.6240352,0.45
1.6263313,0.45
1.6286273,0.45
1.6309234,0.45
1.6332194,0.45
1.6355155,0.45
1.6378115,0.45
1.6401075,0.45
1.6424036,0.45
1.6446996,0.45
1.6469957,0.45
1.6492918,0.45
1.6515877,0.45
1.6538838,0.45
1.6561798,0.45
1.6584759,0.45
1.660772,0.45
1.6630679,0.45
1.665364,0.45
1.66766,0.45
1.6699561,0.45
1.6722522,0.45
1.6745481,0.45
1.6768442,0.45
1.6791402,0.45
1.6814363,0.45
1.6837324,0.45
1.6860284,0.45
1.6883245,0.45
1.6906205,0.45
1.6929165,0.45
1.6952126,0.45
1.6975086,0.45
1.6998047,0.45
1.7021008,0.45
1.7043967,0.45
1.7066928,0.45
1.7089888,0.45
1.7112849,0.45
1.713581,0.45
1.7158769,0.45
1.718173,0.45
1.720469,0.45
1.7227651,0.45
1.7250612,0.45
1.7273571,0.45
1.7296532,0.45
1.7319492,0.45
1.7342453,0.45
1.7365414,0.45
1.7388374,0.45
1.7411335,0.45
1.7434294,0.45
1.7457255,0.45
1.7480216,0.45
1.7503176,0.45
1.7526137,0.45
1.7549096,0.45
1.7572057,0.45
1.7595018,0.45
1.7617978,0.45
1.7640939,0.45
1.7663898,0.45
1.7686859,0.45
1.770982,0.45
1.773278,0.45
1.7755741,0.45
1.7778702,0.45
1.7801661,0.45
1.7824622,0.45
1.7847582,0.45
1.7870543,0.45
1.7893504,0.45
1.7916464,0.45
1.7939425,0.45
1.7962384,0.45
1.7985345,0.45
1.8008306,0.45
1.8031266,0.45
1.8054227,0.45
1.8077186,0.45
1.8100147,0.45
1.8123108,0.45
1.8146068,0.45
1.8169029,0.45
1.8191988,0.45
1.8214949,0.45
1.823791,0.45
1.826087,0.45
1.8283831,0.45
1.830679,0.45
1.8329751,0.45
1.8352712,0.45
1.8375672,0.45
1.8398633,0.45
1.8421593,0.45
1.8444554,0.45
1.8467515,0.45
1.8490474,0.45
1.8513435,0.45
1.8536395,0.45
1.8559356,0.45
1.8582317,0.45
1.8605276,0.45
1.8628237,0.45
1.8651198,0.45
1.8674158,0.45
1.8697119,0.45
1.8720078,0.45
1.8743039,0.45
1.8766,0.45
1.878896,0.45
1.8811921,0.45
1.883488,0.45
1.8857841,0.45
1.8880802,0.45
1.8903762,0.45
1.8926723,0.45
1.8949683,0.45
1.8972644,0.45
1.8995605,0.45
1.9018564,0.45
1.9041525,0.45
1.9064485,0.45
1.9087446,0.45
1.9110407,0.45
1.9133366,0.45
1.9156327,0.45
1.9179287,0.45
1.9202248,0.45
1.9225209,0.45
1.9248168,0.45
1.9271129,0.45
1.9294089,0.45
1.931705,0.45
1.9340011,0.45
1.936297,0.45
1.9385931,0.45
1.9408891,0.45
1.9431852,0.45
1.9454813,0.45
1.9477773,0.45
1.9500734,0.45
1.9523695,0.45
1.9546654,0.45
1.9569615,0.45
1.9592575,0.45
1.9615536,0.45
1.9638497,0.45
1.9661456,0.45
1.9684417,0.45
1.9707377,0.45
1.9730338,0.45
1.9753299,0.45
1.9776258,0.45
1.9799219,0.45
1.9822179,0.45
1.984514,0.45
1.9868101,0.45
1.989106,0.45
1.9914021,0.45
1.9936981,0.45
1.9959942,0.45
1.9982903,0.45
2.0005863,0.45
2.0028822,0.45
2.0051785,0.45
2.0074744,0.45
2.0097704,0.45
2.0120666,0.45
2.0143626,0.45
2.0166585,0.45
2.0189548,0.45
2.0212507,0.45
2.0235467,0.45
2.0258427,0.45
2.0281389,0.45
2.0304348,0.45
2.0327308,0.45
2.035027,0.45
2.037323,0.45
2.039619,0.45
2.0419152,0.45
2.0442111,0.45
2.0465071,0.45
2.048803,0.45
2.0510993,0.45
2.0533953,0.45
2.0556912,0.45
2.0579875,0.45
2.0602834,0.45
2.0625794,0.45
2.0648756,0.45
2.0671716,0.45
2.0694675,0.45
2.0717635,0.45
2.0740597,0.45
2.0763557,0.45
2.0786517,0.45
2.0809479,0.45
2.0832438,0.45
2.0855398,0.45
2.087836,0.45
2.090132,0.45
2.092428,0.45
2.0947242,0.45
2.0970201,0.45
2.0993161,0.45
2.101612,0.45
2.1039083,0.45
2.1062043,0.45
2.1085002,0.45
2.1107965,0.45
2.1130924,0.45
2.1153884,0.45
2.1176846,0.45
2.1199806,0.45
2.1222765,0.45
2.1245725,0.45
2.1268687,0.45
2.1291647,0.45
2.1314607,0.45
2.1337569,0.45
2.1360528,0.45
2.1383488,0.45
2.140645,0.45
2.142941,0.45
2.145237,0.45
2.147533,0.45
2.1498291,0.45
2.1521251,0.45
2.154421,0.45
2.1567173,0.45
2.1590133,0.45
2.1613092,0.45
2.1636055,0.45
2.1659014,0.45
2.1681974,0.45
2.1704936,0.45
2.1727896,0.45
2.1750855,0.45
2.1773815,0.45
2.1796777,0.45
2.1819737,0.45
2.1842697,0.45
2.1865659,0.45
2.1888618,0.45
2.1911578,0.45
2.193454,0.45
2.19575,0.45
2.198046,0.45
2.200342,0.45
2.2026381,0.45
2.2049341,0.45
2.20723,0.45
2.2095263,0.45
2.2118223,0.45
2.2141182,0.45
2.2164145,0.45
2.2187104,0.45
2.2210064,0.45
2.2233024,0.45
2.2255986,0.45
2.2278945,0.45
2.2301905,0.45
2.2324867,0.45
2.2347827,0.45
2.2370787,0.45
2.2393749,0.45
2.2416708,0.45
2.2439668,0.45
2.2462628,0.45
2.248559,0.45
2.250855,0.45
2.253151,0.45
2.2554471,0.45
2.2577431,0.45
2.260039,0.45
2.2623353,0.45
2.2646313,0.45
2.2669272,0.45
2.2692235,0.45
2.2715194,0.45
2.2738154,0.45
2.2761114,0.45
2.2784076,0.45
2.2807035,0.45
2.2829995,0.45
2.2852957,0.45
2.2875917,0.45
2.2898877,0.45
2.2921839,0.45
2.2944798,0.45
2.2967758,0.45
2.2990718,0.45
2.301368,0.45
2.303664,0.45
2.30596,0.45
2.3082561,0.45
2.3105521,0.45
2.312848,0.45
2.3151443,0.45
2.3174403,0.45
2.3197362,0.45
2.3220322,0.45
2.3243284,0.45
2.3266244,0.45
2.3289204,0.45
2.3312166,0.45
2.3335125,0.45
2.3358085,0.45
2.3381047,0.45
2.3404007,0.45
2.3426967,0.45
2.3449929,0.45
2.3472888,0.45
2.3495848,0.45
2.3518808,0.45
2.354177,0.45
2.356473,0.45
2.358769,0.45
2.3610651,0.45
2.3633611,0.45
2.365657,0.45
2.3679533,0.45
2.3702493,0.45
2.3725452,0.45
2.3748412,0.45
2.3771374,0.45
2.3794334,0.45
2.3817294,0.45
2.3840256,0.45
2.3863215,0.45
2.3886175,0.45
2.3909137,0.45
2.3932097,0.45
2.3955057,0.45
2.3978016,0.45
2.4000978,0.45
2.4023938,0.45
2.4046898,0.45
2.406986,0.45
2.409282,0.45
2.411578,0.45
2.4138741,0.45
2.4161701,0.45
2.418466,0.45
2.420762,0.45
2.4230583,0.45
2.4253542,0.45
2.4276502,0.45
2.4299464,0.45
2.4322424,0.45
2.4345384,0.45
2.4368346,0.45
2.4391305,0.45
2.4414265,0.45
2.4437227,0.45
2.4460187,0.45
2.4483147,0.45
2.4506106,0.45
2.4529068,0.45
2.4552028,0.45
2.4574988,0.45
2.459795,0.45
2.462091,0.45
2.464387,0.45
2.4666831,0.45
2.4689791,0.45
2.471275,0.45
2.473571,0.45
2.4758673,0.45
2.4781632,0.45
2.4804592,0.45
2.4827554,0.45
2.4850514,0.45
2.4873474,0.45
2.4896436,0.45
2.4919395,0.45
2.4942355,0.45
2.4965315,0.45
2.4988277,0.45
2.5011237,0.45
2.5034196,0.45
2.5057158,0.45
2.5080118,0.45
2.5103078,0.45
2.512604,0.45
2.5149,0.45
2.517196,0.45
2.5194921,0.45
2.5217881,0.45
2.524084,0.45
2.52638,0.45
2.5286763,0.45
2.5309722,0.45
2.5332682,0.45
2.5355644,0.45
2.5378604,0.45
2.5401564,0.45
2.5424526,0.45
2.5447485,0.45
2.5470445,0.45
2.5493405,0.45
2.5516367,0.45
2.5539327,0.45
2.5562286,0.45
2.5585248,0.45
2.5608208,0.45
2.5631168,0.45
2.565413,0.45
2.567709,0.45
2.570005,0.45
2.572301,0.45
2.5745971,0.45
2.576893,0.45
2.579189,0.45
2.5814853,0.45
2.5837812,0.45
2.5860772,0.45
2.5883734,0.45
2.5906694,0.45
2.5929654,0.45
2.5952613,0.45
2.5975575,0.45
2.5998535,0.45
2.6021495,0.45
2.6044457,0.45
2.6067417,0.45
2.6090376,0.45
2.6113338,0.45
2.6136298,0.45
2.6159258,0.45
2.618222,0.45
2.620518,0.45
2.622814,0.45
2.62511,0.45
2.6274061,0.45
2.629702,0.45
2.631998,0.45
2.6342943,0.45
2.6365902,0.45
2.6388862,0.45
2.6411824,0.45
2.6434784,0.45
2.6457744,0.45
2.6480703,0.45
2.6503665,0.45
2.6526625,0.45
2.6549585,0.45
2.6572547,0.45
2.6595507,0.45
2.6618466,0.45
2.6641428,0.45
2.6664388,0.45
2.6687348,0.45
2.6710308,0.45
2.673327,0.45
2.675623,0.45
2.677919,0.45
2.6802151,0.45
2.682511,0.45
2.684807,0.45
2.6871033,0.45
2.6893992,0.45
2.6916952,0.45
2.6939914,0.45
2.6962874,0.45
2.6985834,0.45
2.7008793,0.45
2.7031755,0.45
2.7054715,0.45
2.7077675,0.45
2.7100637,0.45
2.7123597,0.45
2.7146556,0.45
2.7169518,0.45
2.7192478,0.45
2.7215438,0.45
2.7238398,0.45
2.726136,0.45
2.728432,0.45
2.730728,0.45
2.7330241,0.45
2.73532,0.45
2.737616,0.45
2.7399123,0.45
2.7422082,0.45
2.7445042,0.45
2.7468002,0.45
2.7490964,0.45
2.7513924,0.45
2.7536883,0.45
2.7559845,0.45
2.7582805,0.45
2.7605765,0.45
2.7628727,0.45
2.7651687,0.45
2.7674646,0.45
2.7697606,0.45
2.7720568,0.45
2.7743528,0.45
2.7766488,0.45
2.778945,0.45
2.781241,0.45
2.783537,0.45
2.7858331,0.45
2.788129,0.45
2.790425,0.45
2.7927213,0.45
2.7950172,0.45
2.7973132,0.45
2.7996092,0.45
2.8019054,0.45
2.8042014,0.45
2.8064973,0.45
2.8087935,0.45
2.8110895,0.45
2.8133855,0.45
2.8156817,0.45
2.8179777,0.45
2.8202736,0.45
2.8225696,0.45
2.8248658,0.45
2.8271618,0.45
2.8294578,0.45
2.831754,0.45
2.83405,0.45
2.836346,0.45
2.8386421,0.45
2.840938,0.45
2.843234,0.45
2.84553,0.45
2.8478262,0.45
2.8501222,0.45
2.8524182,0.45
2.8547144,0.45
2.8570104,0.45
2.8593063,0.45
2.8616025,0.45
2.8638985,0.45
2.8661945,0.45
2.8684907,0.45
2.8707867,0.45
2.8730826,0.45
2.8753786,0.45
2.8776748,0.45
2.8799708,0.45
2.8822668,0.45
2.884563,0.45
2.886859,0.45
2.889155,0.45
2.8914511,0.45
2.893747,0.45
2.896043,0.45
2.898339,0.45
2.9006352,0.45
2.9029312,0.45
2.9052272,0.45
2.9075234,0.45
2.9098194,0.45
2.9121153,0.45
2.9144115,0.45
2.9167075,0.45
2.9190035,0.45
2.9212995,0.45
2.9235957,0.45
2.9258916,0.45
2.9281876,0.45
2.9304838,0.45
2.9327798,0.45
2.9350758,0.45
2.937372,0.45
2.939668,0.45
2.941964,0.45
2.94426,0.45
2.946556,0.45
2.948852,0.45
2.951148,0.45
2.9534442,0.45
2.9557402,0.45
2.9580362,0.45
2.9603324,0.45
2.9626284,0.45
2.9649243,0.45
2.9672205,0.45
2.9695165,0.45
2.9718125,0.45
2.9741085,0.45
2.9764047,0.45
2.9787006,0.45
2.9809966,0.45
2.9832928,0.45
2.9855888,0.45
2.9878848,0.45
2.990181,0.45
2.992477,0.45
2.994773,0.45
2.997069,0.45
2.999365,0.45
3.001661,0.45
3.003957,0.45
3.0062532,0.45
3.0085492,0.45
3.0108452,0.45
3.0131414,0.45
3.0154374,0.45
3.0177333,0.45
3.0200293,0.45
3.0223255,0.45
3.0246215,0.45
3.0269175,0.45
3.0292137,0.45
3.0315096,0.45
3.0338056,0.45
3.0361018,0.45
3.0383978,0.45
3.0406938,0.45
3.04299,0.45
3.045286,0.45
3.047582,0.45
3.049878,0.45
3.052174,0.45
3.05447,0.45
3.056766,0.45
3.0590622,0.45
3.0613582,0.45
3.0636542,0.45
3.0659504,0.45
3.0682464,0.45
3.0705423,0.45
3.0728383,0.45
3.0751345,0.45
3.0774305,0.45
3.0797265,0.45
3.0820227,0.45
3.0843186,0.45
3.0866146,0.45
3.0889108,0.45
3.0912068,0.45
3.0935028,0.45
3.0957987,0.45
3.098095,0.45
3.100391,0.45
3.102687,0.45
3.104983,0.45
3.107279,0.45
3.109575,0.45
3.1118712,0.45
3.1141672,0.45
3.1164632,0.45
3.1187592,0.45
3.1210554,0.45
3.1233513,0.45
3.1256473,0.45
3.1279435,0.45
3.1302395,0.45
3.1325355,0.45
3.1348317,0.45
3.1371276,0.45
3.1394236,0.45
3.1417198,0.45
3.1440158,0.45
3.1463118,0.45
3.1486077,0.45
3.150904,0.45
3.1532,0.45
3.155496,0.45
3.157792,0.45
3.160088,0.45
3.162384,0.45
3.1646802,0.45
3.1669762,0.45
3.1692722,0.45
3.1715682,0.45
3.1738644,0.45
3.1761603,0.45
3.1784563,0.45
3.1807525,0.45
3.1830485,0.45
3.1853445,0.45
3.1876407,0.45
3.1899366,0.45
3.1922326,0.45
3.1945286,0.45
3.1968248,0.45
3.1991208,0.45
3.2014167,0.45
3.203713,0.45
3.206009,0.45
3.208305,0.45
3.210601,0.45
3.212897,0.45
3.215193,0.45
3.2174892,0.45
3.2197852,0.45
3.2220812,0.45
3.2243772,0.45
3.2266734,0.45
3.2289693,0.45
3.2312653,0.45
3.2335615,0.45
3.2358575,0.45
3.2381535,0.45
3.2404497,0.45
3.2427456,0.45
3.2450416,0.45
3.2473376,0.45
3.2496338,0.45
3.2519298,0.45
3.2542257,0.45
3.256522,0.45
3.258818,0.45
3.261114,0.45
3.26341,0.45
3.265706,0.45
3.268002,0.45
3.270298,0.45
3.2725942,0.45
3.2748902,0.45
3.2771862,0.45
3.2794824,0.45
3.2817783,0.45
3.2840743,0.45
3.2863705,0.45
3.2886665,0.45
3.2909625,0.45
3.2932584,0.45
3.2955546,0.45
3.2978506,0.45
3.3001466,0.45
3.3024428,0.45
3.3047388,0.45
3.3070347,0.45
3.309331,0.45
3.311627,0.45
3.313923,0.45
3.316219,0.45
3.318515,0.45
3.320811,0.45
3.323107,0.45
3.3254032,0.45
3.3276992,0.45
3.3299952,0.45
3.3322914,0.45
3.3345873,0.45
3.3368833,0.45
3.3391795,0.45
3.3414755,0.45
3.3437715,0.45
3.3460674,0.45
3.3483636,0.45
3.3506596,0.45
3.3529556,0.45
3.3552518,0.45
3.3575478,0.45
3.3598437,0.45
3.36214,0.45
3.364436,0.45
3.366732,0.45
3.3690279,0.45
3.371324,0.45
3.37362,0.45
3.375916,0.45
3.3782122,0.45
3.3805082,0.45
3.3828042,0.45
3.3851004,0.45
3.3873963,0.45
3.3896923,0.45
3.3919885,0.45
3.3942845,0.45
3.3965805,0.45
3.3988764,0.45
3.4011726,0.45
3.4034686,0.45
3.4057646,0.45
3.4080608,0.45
3.4103568,0.45
3.4126527,0.45
3.414949,0.45
3.417245,0.45
3.419541,0.45
3.4218369,0.45
3.424133,0.45
3.426429,0.45
3.428725,0.45
3.4310212,0.45
3.4333172,0.45
3.4356132,0.45
3.4379094,0.45
3.4402053,0.45
3.4425013,0.45
3.4447973,0.45
3.4470935,0.45
3.4493895,0.45
3.4516854,0.45
3.4539816,0.45
3.4562776,0.45
3.4585736,0.45
3.4608698,0.45
3.4631658,0.45
3.4654617,0.45
3.4677577,0.45
3.470054,0.45
3.47235,0.45
3.4746459,0.45
3.476942,0.45
3.479238,0.45
3.481534,0.45
3.4838302,0.45
3.4861262,0.45
3.4884222,0.45
3.4907184,0.45
3.4930143,0.45
3.4953103,0.45
3.4976063,0.45
3.4999025,0.45
3.5021985,0.45
3.5044944,0.45
3.5067906,0.45
3.5090866,0.45
3.5113826,0.45
3.5136788,0.45
3.5159748,0.45
3.5182707,0.45
3.5205667,0.45
3.522863,0.45
3.525159,0.45
3.5274549,0.45
3.529751,0.45
3.532047,0.45
3.534343,0.45
3.5366392,0.45
3.5389352,0.45
3.5412312,0.45
3.5435271,0.45
3.5458233,0.45
3.5481193,0.45
3.5504153,0.45
3.5527115,0.45
3.5550075,0.45
3.5573034,0.45
3.5595996,0.45
3.5618956,0.45
3.5641916,0.45
3.5664878,0.45
3.5687838,0.45
3.5710797,0.45
3.5733757,0.45
3.575672,0.45
3.577968,0.45
3.5802639,0.45
3.58256,0.45
3.584856,0.45
3.587152,0.45
3.5894482,0.45
3.5917442,0.45
3.5940402,0.45
3.5963361,0.45
3.5986323,0.45
3.6009283,0.45
3.6032243,0.45
3.6055205,0.45
3.6078165,0.45
3.6101124,0.45
3.6124086,0.45
3.6147046,0.45
3.6170006,0.45
3.6192966,0.45
3.6215928,0.45
3.6238887,0.45
3.6261847,0.45
3.628481,0.45
3.630777,0.45
3.6330729,0.45
3.635369,0.45
3.637665,0.45
3.639961,0.45
3.642257,0.45
3.6445532,0.45
3.6468492,0.45
3.6491451,0.45
3.6514413,0.45
3.6537373,0.45
3.6560333,0.45
3.6583295,0.45
3.6606255,0.45
3.6629214,0.45
3.6652176,0.45
3.6675136,0.45
3.6698096,0.45
3.6721056,0.45
3.6744018,0.45
3.6766977,0.45
3.6789937,0.45
3.68129,0.45
3.683586,0.45
3.6858819,0.45
3.688178,0.45
3.690474,0.45
3.69277,0.45
3.695066,0.45
3.6973622,0.45
3.6996582,0.45
3.7019541,0.45
3.7042503,0.45
3.7065463,0.45
3.7088423,0.45
3.7111385,0.45
3.7134345,0.45
3.7157304,0.45
3.7180264,0.45
3.7203226,0.45
3.7226186,0.45
3.7249146,0.45
3.7272108,0.45
3.7295067,0.45
3.7318027,0.45
3.734099,0.45
3.736395,0.45
3.7386909,0.45
3.740987,0.45
3.743283,0.45
3.745579,0.45
3.747875,0.45
3.7501712,0.45
3.7524672,0.45
3.7547631,0.45
3.7570593,0.45
3.7593553,0.45
3.7616513,0.45
3.7639475,0.45
3.7662435,0.45
3.7685394,0.45
3.7708354,0.45
3.7731316,0.45
3.7754276,0.45
3.7777236,0.45
3.7800198,0.45
3.7823157,0.45
3.7846117,0.45
3.786908,0.45
3.789204,0.45
3.7914999,0.45
3.7937958,0.45
3.796092,0.45
3.798388,0.45
3.800684,0.45
3.8029802,0.45
3.8052762,0.45
3.8075721,0.45
3.8098683,0.45
3.8121643,0.45
3.8144603,0.45
3.8167562,0.45
3.8190525,0.45
3.8213484,0.45
3.8236444,0.45
3.8259406,0.45
3.8282366,0.45
3.8305326,0.45
3.8328288,0.45
3.8351247,0.45
3.8374207,0.45
3.839717,0.45
3.842013,0.45
3.8443089,0.45
3.8466048,0.45
3.848901,0.45
3.851197,0.45
3.853493,0.45
3.8557892,0.45
3.8580852,0.45
3.8603811,0.45
3.8626773,0.45
3.8649733,0.45
3.8672693,0.45
3.8695652,0.45
3.8718615,0.45
3.8741574,0.45
3.8764534,0.45
3.8787496,0.45
3.8810456,0.45
3.8833416,0.45
3.8856378,0.45
3.8879337,0.45
3.8902297,0.45
3.8925257,0.45
3.894822,0.45
3.8971179,0.45
3.8994138,0.45
3.90171,0.45
3.904006,0.45
3.906302,0.45
3.9085982,0.45
3.9108942,0.45
3.9131901,0.45
3.9154863,0.45
3.9177823,0.45
3.9200783,0.45
3.9223742,0.45
3.9246705,0.45
3.9269664,0.45
3.9292624,0.45
3.9315586,0.45
3.9338546,0.45
3.9361506,0.45
3.9384468,0.45
3.9407427,0.45
3.9430387,0.45
3.9453347,0.45
3.947631,0.45
3.9499269,0.45
3.9522228,0.45
3.954519,0.45
3.956815,0.45
3.959111,0.45
3.9614072,0.45
3.9637032,0.45
3.9659991,0.45
3.968295,0.45
3.9705913,0.45
3.9728873,0.45
3.9751832,0.45
3.9774795,0.45
3.9797754,0.45
3.9820714,0.45
3.9843676,0.45
3.9866636,0.45
3.9889596,0.45
3.9912555,0.45
3.9935517,0.45
3.9958477,0.45
3.9981437,0.45
4.0004396,0.45
4.002736,0.45
4.005032,0.45
4.007328,0.45
4.009624,0.45
4.01192,0.45
4.014216,0.45
4.016512,0.45
4.0188084,0.45
4.0211043,0.45
4.0234003,0.45
4.0256963,0.45
4.0279922,0.45
4.030288,0.45
4.032584,0.45
4.0348806,0.45
4.0371766,0.45
4.0394726,0.45
4.0417686,0.45
4.0440645,0.45
4.0463605,0.45
4.048657,0.45
4.050953,0.45
4.053249,0.45
4.055545,0.45
4.057841,0.45
4.060137,0.45
4.062433,0.45
4.064729,0.45
4.067025,0.45
4.069321,0.45
4.071617,0.45
4.073913,0.45
4.076209,0.45
4.078505,0.45
4.0808015,0.45
4.0830975,0.45
4.0853934,0.45
4.0876894,0.45
4.0899854,0.45
4.0922813,0.45
4.094578,0.45
4.0968738,0.45
4.0991697,0.45
4.1014657,0.45
4.1037617,0.45
4.1060576,0.45
4.1083536,0.45
4.11065,0.45
4.112946,0.45
4.115242,0.45
4.117538,0.45
4.119834,0.45
4.12213,0.45
4.1244264,0.45
4.1267223,0.45
4.1290183,0.45
4.1313143,0.45
4.1336102,0.45
4.135906,0.45
4.138202,0.45
4.1404986,0.45
4.1427946,0.45
4.1450906,0.45
4.1473866,0.45
4.1496825,0.45
4.1519785,0.45
4.1542745,0.45
4.156571,0.45
4.158867,0.45
4.161163,0.45
4.163459,0.45
4.165755,0.45
4.168051,0.45
4.170347,0.45
4.172643,0.45
4.174939,0.45
4.177235,0.45
4.179531,0.45
4.181827,0.45
4.184123,0.45
4.1864195,0.45
4.1887155,0.45
4.1910114,0.45
4.1933074,0.45
4.1956034,0.45
4.1978993,0.45
4.200196,0.45
4.2024918,0.45
4.2047877,0.45
4.2070837,0.45
4.2093797,0.45
4.2116756,0.45
4.2139716,0.45
4.216268,0.45
4.218564,0.45
4.22086,0.45
4.223156,0.45
4.225452,0.45
4.227748,0.45
4.230044,0.45
4.2323403,0.45
4.2346363,0.45
4.2369323,0.45
4.2392282,0.45
4.241524,0.45
4.24382,0.45
4.2461166,0.45
4.2484126,0.45
4.2507086,0.45
4.2530046,0.45
4.2553005,0.45
4.2575965,0.45
4.2598925,0.45
4.262189,0.45
4.264485,0.45
4.266781,0.45
4.269077,0.45
4.271373,0.45
4.273669,0.45
4.275965,0.45
4.278261,0.45
4.280557,0.45
4.282853,0.45
4.285149,0.45
4.287445,0.45
4.289741,0.45
4.2920375,0.45
4.2943335,0.45
4.2966294,0.45
4.2989254,0.45
4.3012214,0.45
4.3035173,0.45
4.3058133,0.45
4.3081098,0.45
4.3104057,0.45
4.3127017,0.45
4.3149977,0.45
4.3172936,0.45
4.3195896,0.45
4.321886,0.45
4.324182,0.45
4.326478,0.45
4.328774,0.45
4.33107,0.45
4.333366,0.45
4.335662,0.45
4.3379583,0.45
4.3402543,0.45
4.3425503,0.45
4.3448462,0.45
4.347142,0.45
4.349438,0.45
4.3517346,0.45
4.3540306,0.45
4.3563266,0.45
4.3586226,0.45
4.3609185,0.45
4.3632145,0.45
4.3655105,0.45
4.367807,0.45
4.370103,0.45
4.372399,0.45
4.374695,0.45
4.376991,0.45
4.379287,0.45
4.3815827,0.45
4.383879,0.45
4.386175,0.45
4.388471,0.45
4.390767,0.45
4.393063,0.45
4.395359,0.45
4.3976555,0.45
4.3999515,0.45
4.4022474,0.45
4.4045434,0.45
4.4068394,0.45
4.4091353,0.45
4.4114313,0.45
4.4137278,0.45
4.4160237,0.45
4.4183197,0.45
4.4206157,0.45
4.4229116,0.45
4.4252076,0.45
4.4275036,0.45
4.4298,0.45
4.432096,0.45
4.434392,0.45
4.436688,0.45
4.438984,0.45
4.44128,0.45
4.4435763,0.45
4.4458723,0.45
4.4481683,0.45
4.4504642,0.45
4.45276,0.45
4.455056,0.45
4.457352,0.45
4.4596486,0.45
4.4619446,0.45
4.4642406,0.45
4.4665365,0.45
4.4688325,0.45
4.4711285,0.45
4.473425,0.45
4.475721,0.45
4.478017,0.45
4.480313,0.45
4.482609,0.45
4.484905,0.45
4.4872007,0.45
4.489497,0.45
4.491793,0.45
4.494089,0.45
4.496385,0.45
4.498681,0.45
4.500977,0.45
4.503273,0.45
4.5055695,0.45
4.5078654,0.45
4.5101614,0.45
4.5124574,0.45
4.5147533,0.45
4.5170493,0.45
4.5193458,0.45
4.5216417,0.45
4.5239377,0.45
4.5262337,0.45
4.5285296,0.45
4.5308256,0.45
4.5331216,0.45
4.535418,0.45
4.537714,0.45
4.54001,0.45
4.542306,0.45
4.544602,0.45
4.546898,0.45
4.5491943,0.45
4.5514903,0.45
4.5537863,0.45
4.5560822,0.45
4.558378,0.45
4.560674,0.45
4.56297,0.45
4.5652666,0.45
4.5675626,0.45
4.5698586,0.45
4.5721545,0.45
4.5744505,0.45
4.5767465,0.45
4.5790424,0.45
4.581339,0.45
4.583635,0.45
4.585931,0.45
4.588227,0.45
4.590523,0.45
4.5928187,0.45
4.595115,0.45
4.597411,0.45
4.599707,0.45
4.602003,0.45
4.604299,0.45
4.606595,0.45
4.608891,0.45
4.6111875,0.45
4.6134834,0.45
4.6157794,0.45
4.6180754,0.45
4.6203713,0.45
4.6226673,0.45
4.6249638,0.45
4.6272597,0.45
4.6295557,0.45
4.6318517,0.45
4.6341476,0.45
4.6364436,0.45
4.6387396,0.45
4.641036,0.45
4.643332,0.45
4.645628,0.45
4.647924,0.45
4.65022,0.45
4.652516,0.45
4.654812,0.45
4.6571083,0.45
4.6594043,0.45
4.6617002,0.45
4.663996,0.45
4.666292,0.45
4.668588,0.45
4.6708846,0.45
4.6731806,0.45
4.6754766,0.45
4.6777725,0.45
4.6800685,0.45
4.6823645,0.45
4.6846604,0.45
4.686957,0.45
4.689253,0.45
4.691549,0.45
4.693845,0.45
4.696141,0.45
4.6984367,0.45
4.700733,0.45
4.703029,0.45
4.705325,0.45
4.707621,0.45
4.709917,0.45
4.712213,0.45
4.714509,0.45
4.7168055,0.45
4.7191014,0.45
4.7213974,0.45
4.7236934,0.45
4.7259893,0.45
4.7282853,0.45
4.7305813,0.45
4.7328777,0.45
4.7351737,0.45
4.7374697,0.45
4.7397656,0.45
4.7420616,0.45
4.7443576,0.45
4.746654,0.45
4.74895,0.45
4.751246,0.45
4.753542,0.45
4.755838,0.45
4.758134,0.45
4.76043,0.45
4.7627263,0.45
4.7650223,0.45
4.7673182,0.45
4.769614,0.45
4.77191,0.45
4.774206,0.45
4.776502,0.45
4.7787986,0.45
4.7810946,0.45
4.7833905,0.45
4.7856865,0.45
4.7879825,0.45
4.7902784,0.45
4.792575,0.45
4.794871,0.45
4.797167,0.45
4.799463,0.45
4.801759,0.45
4.8040547,0.45
4.8063507,0.45
4.808647,0.45
4.810943,0.45
4.813239,0.45
4.815535,0.45
4.817831,0.45
4.820127,0.45
4.8224235,0.45
4.8247194,0.45
4.8270154,0.45
4.8293114,0.45
4.8316073,0.45
4.8339033,0.45
4.8361993,0.45
4.8384957,0.45
4.8407917,0.45
4.8430877,0.45
4.8453836,0.45
4.8476796,0.45
4.8499756,0.45
4.8522716,0.45
4.854568,0.45
4.856864,0.45
4.85916,0.45
4.861456,0.45
4.863752,0.45
4.866048,0.45
4.8683443,0.45
4.8706403,0.45
4.8729362,0.45
4.875232,0.45
4.877528,0.45
4.879824,0.45
4.88212,0.45
4.8844166,0.45
4.8867126,0.45
4.8890085,0.45
4.8913045,0.45
4.8936005,0.45
4.8958964,0.45
4.898193,0.45
4.900489,0.45
4.902785,0.45
4.905081,0.45
4.907377,0.45
4.9096727,0.45
4.9119687,0.45
4.914265,0.45
4.916561,0.45
4.918857,0.45
4.921153,0.45
4.923449,0.45
4.925745,0.45
4.928041,0.45
4.9303374,0.45
4.9326334,0.45
4.9349294,0.45
4.9372253,0.45
4.9395213,0.45
4.9418173,0.45
4.9441137,0.45
4.9464097,0.45
4.9487057,0.45
4.9510016,0.45
4.9532976,0.45
4.9555936,0.45
4.9578896,0.45
4.960186,0.45
4.962482,0.45
4.964778,0.45
4.967074,0.45
4.96937,0.45
4.971666,0.45
4.9739623,0.45
4.9762583,0.45
4.9785542,0.45
4.98085,0.45
4.983146,0.45
4.985442,0.45
4.987738,0.45
4.9900346,0.45
4.9923306,0.45
4.9946265,0.45
4.9969225,0.45
4.9992185,0.45
5.0015144,0.45
5.0038104,0.45
5.006107,0.45
5.008403,0.45
5.010699,0.45
5.012995,0.45
5.0152907,0.45
5.0175867,0.45
5.019883,0.45
5.022179,0.45
5.024475,0.45
5.026771,0.45
5.029067,0.45
5.031363,0.45
5.033659,0.45
5.0359554,0.45
5.0382514,0.45
5.0405474,0.45
5.0428433,0.45
5.0451393,0.45
5.0474353,0.45
5.0497317,0.45
5.0520277,0.45
5.0543237,0.45
5.0566196,0.45
5.0589156,0.45
5.0612116,0.45
5.0635076,0.45
5.065804,0.45
5.0681,0.45
5.070396,0.45
5.072692,0.45
5.074988,0.45
5.077284,0.45
5.07958,0.45
5.0818763,0.45
5.0841722,0.45
5.086468,0.45
5.088764,0.45
5.09106,0.45
5.093356,0.45
5.0956526,0.45
5.0979486,0.45
5.1002445,0.45
5.1025405,0.45
5.1048365,0.45
5.1071324,0.45
5.1094284,0.45
5.111725,0.45
5.114021,0.45
5.116317,0.45
5.118613,0.45
5.1209087,0.45
5.1232047,0.45
5.1255007,0.45
5.127797,0.45
5.130093,0.45
5.132389,0.45
5.134685,0.45
5.136981,0.45
5.139277,0.45
5.1415734,0.45
5.1438694,0.45
5.1461654,0.45
5.1484613,0.45
5.1507573,0.45
5.1530533,0.45
5.1553493,0.45
5.1576457,0.45
5.1599417,0.45
5.1622376,0.45
5.1645336,0.45
5.1668296,0.45
5.1691256,0.45
5.171422,0.45
5.173718,0.45
5.176014,0.45
5.17831,0.45
5.180606,0.45
5.182902,0.45
5.185198,0.45
5.1874943,0.45
5.1897902,0.45
5.192086,0.45
5.194382,0.45
5.196678,0.45
5.198974,0.45
5.20127,0.45
5.2035666,0.45
5.2058625,0.45
5.2081585,0.45
5.2104545,0.45
5.2127504,0.45
5.2150464,0.45
5.217343,0.45
5.219639,0.45
5.221935,0.45
5.224231,0.45
5.2265267,0.45
5.2288227,0.45
5.2311187,0.45
5.233415,0.45
5.235711,0.45
5.238007,0.45
5.240303,0.45
5.242599,0.45
5.244895,0.45
5.2471914,0.45
5.2494874,0.45
5.2517834,0.45
5.2540793,0.45
5.2563753,0.45
5.2586713,0.45
5.2609673,0.45
5.2632637,0.45
5.2655597,0.45
5.2678556,0.45
5.2701516,0.45
5.2724476,0.45
5.2747436,0.45
5.2770395,0.45
5.279336,0.45
5.281632,0.45
5.283928,0.45
5.286224,0.45
5.28852,0.45
5.290816,0.45
5.2931123,0.45
5.2954082,0.45
5.297704,0.45
5.3,0.45
